1,8,14,Surf excel 1 kg in blue,Surf excel 1 kg in blue,130,130,This is product desc,1.jpg,2.jpg,3.jpg,1200,In Stock,30-01-2017 08:54,30-01-2017 08:54
2,8,14,Lizol,Lizol,130,130,This is product desc,1.jpg,2.jpg,3.jpg,1200,In Stock,30-01-2017 08:54,30-01-2017 08:54
,,,,,,,,,,,,,,
,,,,,,,,,,,,,,
,,,,,,,,,,,,,,
,,,,,,,,,,,,,,
,,,,,,,,,,,,,,
,,,,,,,,,,,,,,
,,,,,,,,,,,,,,
,,,,,,,,,,,,,,
,,,,,,,,,,,,,,
,,,,,,,,,,,,,,
,,,,,,,,,,,,,,
,,,,,,,,,,,,,,
,,,,,,,,,,,,,,
,,,,,,,,,,,,,,
,,,,,,,,,,,,,,
,,,,,,,,,,,,,,
,,,,,,,,,,,,,,
,,,,,,,,,,,,,,
,,,,,,,,,,,,,,
