32,9,15,na,,,,box1,11,,,0,In Stock,30-01-2017 08:54,30-01-2017 08:54,.jpg
33,9,15,insurance,,,,box1,12,,,0,In Stock,30-01-2017 08:54,30-01-2017 08:54,.jpg
34,9,15,mufler,,,,box1,13,,,0,In Stock,30-01-2017 08:54,30-01-2017 08:54,.jpg
35,9,15,deep,,,,box1,14,,,0,In Stock,30-01-2017 08:54,30-01-2017 08:54,.jpg
36,9,15,mouse,,,,box1,15,,,0,In Stock,30-01-2017 08:54,30-01-2017 08:54,.jpg
37,9,15,na,,,,box1,16,,,0,In Stock,30-01-2017 08:54,30-01-2017 08:54,.jpg
38,9,15,na,,,,box1,17,,,0,In Stock,30-01-2017 08:54,30-01-2017 08:54,.jpg
39,9,15,bag,,,,box1,18,,,0,In Stock,30-01-2017 08:54,30-01-2017 08:54,.jpg
40,9,15,pencil,,,,box1,19,,,0,In Stock,30-01-2017 08:54,30-01-2017 08:54,.jpg
41,9,15,gujaria slip,,,,box1,20,,,0,In Stock,30-01-2017 08:54,30-01-2017 08:54,.jpg
42,9,15,gala,,,,box1,21,,,0,In Stock,30-01-2017 08:54,30-01-2017 08:54,.jpg
43,9,15,na,,,,box1,22,,,0,In Stock,30-01-2017 08:54,30-01-2017 08:54,.jpg
44,9,15,wires extension,,,,box1,23,,,0,In Stock,30-01-2017 08:54,30-01-2017 08:54,.jpg
45,9,15,copy,,,,box1,24,,,0,In Stock,30-01-2017 08:54,30-01-2017 08:54,.jpg
46,9,15,himank animals pic,,,,box1,25,,,0,In Stock,30-01-2017 08:54,30-01-2017 08:54,.jpg
47,9,15,animal pic,,,,box1,26,,,0,In Stock,30-01-2017 08:54,30-01-2017 08:54,.jpg
48,9,15,dastana,,,,box1,27,,,0,In Stock,30-01-2017 08:54,30-01-2017 08:54,.jpg
49,9,15,animal pic,,,,box1,28,,,0,In Stock,30-01-2017 08:54,30-01-2017 08:54,.jpg
50,9,15,na,,,,box1,29,,,0,In Stock,30-01-2017 08:54,30-01-2017 08:54,.jpg
51,9,15,rajni singh notes,,,,box1,30,,,0,In Stock,30-01-2017 08:54,30-01-2017 08:54,.jpg
52,9,15,javascript,,,,box1,31,,,0,In Stock,30-01-2017 08:54,30-01-2017 08:54,.jpg
53,9,15,javascript,,,,box1,32,,,0,In Stock,30-01-2017 08:54,30-01-2017 08:54,.jpg
54,9,15,food recipe,,,,box1,33,,,0,In Stock,30-01-2017 08:54,30-01-2017 08:54,.jpg
55,9,15,insurance,,,,box1,34,,,0,In Stock,30-01-2017 08:54,30-01-2017 08:54,.jpg
56,9,15,drawing,,,,box1,35,,,0,In Stock,30-01-2017 08:54,30-01-2017 08:54,.jpg
57,9,15,english question paper,,,,box1,36,,,0,In Stock,30-01-2017 08:54,30-01-2017 08:54,.jpg
58,9,15,math,,,,box1,37,,,0,In Stock,30-01-2017 08:54,30-01-2017 08:54,.jpg
59,9,15,art and craft book,,,,box1,38,,,0,In Stock,30-01-2017 08:54,30-01-2017 08:54,.jpg
60,9,15,ladoo study,,,,box1,39,,,0,In Stock,30-01-2017 08:54,30-01-2017 08:54,.jpg
61,9,15,na,,,,box1,40,,,0,In Stock,30-01-2017 08:54,30-01-2017 08:54,.jpg
62,9,15,na,,,,box1,41,,,0,In Stock,30-01-2017 08:54,30-01-2017 08:54,.jpg
63,9,15,english rapidex copy,,,,box1,42,,,0,In Stock,30-01-2017 08:54,30-01-2017 08:54,.jpg
64,9,15,ielts essays,,,,box1,43,,,0,In Stock,30-01-2017 08:54,30-01-2017 08:54,.jpg
65,9,15,"fevicol,dandiya, spex cover, pens, cooler pipe",,,,box1,44,,,0,In Stock,30-01-2017 08:54,30-01-2017 08:54,.jpg
